feature,fscore
key,0.001635322976287817
mode,0.012673753066230581
liveness,0.01553556827473426
tempo,0.027800490596892886
count,0.02902698282910875
loudness,0.05233033524121014
valence,0.06418642681929682
duration_ms,0.09341782502044153
energy,0.09566639411283728
speechiness,0.0964840556009812
popularity,0.09893704006541292
danceability,0.1116107931316435
instrumentalness,0.14063777596075225
acousticness,0.16005723630417007
